{"num_epochs": 3, "batch_size": 1, "num_total_samples": null, "epoch_run_times": [584.5093813349995, 352.35015311299867, 358.9747939739973], "epoch_num_samples": [1801350, 1801350, 1801350]}
