{"num_epochs": 8, "batch_size": 1, "num_total_samples": null, "epoch_run_times": [160.1182465109996, 77.4723790930002, 110.22429268499764, 91.35575718799737, 109.28324211899962, 105.94388975399852, 103.92814336800075, 100.9268430029988], "epoch_num_samples": [40571, 40571, 40571, 40571, 40571, 40571, 40571, 40571], "cached_data_size": 25080292307}
